director,director,director,director,director,director,producer,producer,producer,producer,producer,producer,cast,cast,cast,cast,cast,cast,writer,writer,writer,writer,writer,writer,music,music,music,music,music,music,cinematography,cinematography,cinematography,cinematography,cinematography,cinematography,editing,editing,editing,editing,editing,editing,major,time,budget,box_office,profit,title,nom
o_n,b_n,g_n,o_w,b_w,g_w,o_n,b_n,g_n,o_w,b_w,g_w,o_n,b_n,g_n,o_w,b_w,g_w,o_n,b_n,g_n,o_w,b_w,g_w,o_n,b_n,g_n,o_w,b_w,g_w,o_n,b_n,g_n,o_w,b_w,g_w,o_n,b_n,g_n,o_w,b_w,g_w,,,,,,,
2,7,2,0,0,0,0,0,0,0,0,0,6,4,6,0,1,1,0,0,0,0,0,0,3,4,0,0,1,0,2,6,0,1,3,0,0,0,0,0,0,0,0,137.0,,,,Equus,1
0,0,0,0,0,0,0,0,0,0,0,0,0,4,4,0,1,4,0,0,0,0,0,0,0,0,0,0,0,0,0,0,0,0,0,0,0,0,0,0,0,0,0,129.0,,,,Shatranj Ke Khilari,0
0,0,0,0,0,0,0,0,0,0,0,0,0,0,2,0,0,0,0,0,0,0,0,0,0,0,0,0,0,0,0,0,0,0,0,0,0,0,0,0,0,0,0,125.0,,,,"Elisa, vida mía",0
0,0,1,0,0,1,0,0,0,0,0,0,1,0,3,0,0,1,0,0,0,0,0,0,2,0,0,0,0,0,0,0,0,0,0,0,3,0,0,0,0,0,1,109.0,5500000.0,35400000.0,29900000.0,The Gauntlet,0
0,0,0,0,0,0,0,0,0,0,0,0,2,2,8,0,0,3,0,0,0,0,0,0,2,0,0,0,0,0,0,0,0,0,0,0,0,0,0,0,0,0,1,119.0,9000000.0,8234000.0,-766000.0,Rollercoaster,0
0,0,0,0,0,0,0,0,0,0,0,0,5,2,2,1,2,1,0,0,0,0,0,0,2,0,2,0,0,0,0,0,0,0,0,0,0,0,0,0,0,0,0,86.0,,,,Portrait of a Hitman,0
1,0,1,0,0,0,1,0,0,1,0,0,1,1,2,0,0,1,0,0,0,0,0,0,0,0,0,0,0,0,1,2,0,1,2,0,6,0,0,2,0,0,1,92.0,6000000.0,14700000.0,8700000.0,Orca: The Killer Whale,0
1,0,0,0,0,0,0,0,0,0,0,0,1,0,0,0,0,0,1,0,0,0,0,0,0,0,0,0,0,0,0,0,0,0,0,0,0,0,0,0,0,0,0,80.0,,,,The Lorry,0
0,0,0,0,0,0,0,0,0,0,0,0,1,1,1,0,0,0,0,0,0,0,0,0,8,2,3,0,0,0,2,0,0,0,0,0,0,0,0,0,0,0,0,91.0,8000000.0,4000000.0,-4000000.0,Damnation Alley,0
0,0,0,0,0,0,0,0,0,0,0,0,0,0,0,0,0,0,0,0,0,0,0,0,0,0,0,0,0,0,0,0,0,0,0,0,0,0,0,0,0,0,0,85.0,1000000.0,,,Pumping Iron,0
0,0,0,0,0,0,0,0,0,0,0,0,0,0,0,0,0,0,0,0,0,0,0,0,0,0,0,0,0,0,0,0,0,0,0,0,0,0,0,0,0,0,0,88.0,,,,House,0
9,5,10,4,2,3,0,0,0,0,0,0,7,6,14,2,0,5,1,0,0,0,0,0,2,1,2,0,0,0,1,7,0,0,2,0,1,2,0,0,2,0,0,118.0,7840000.0,20700000.0,12860000.0,Julia,1
0,0,0,0,0,0,0,0,0,0,0,0,0,1,4,0,0,1,0,0,0,0,0,0,0,0,0,0,0,0,0,0,0,0,0,0,0,0,0,0,0,0,0,115.0,,,,I nuovi mostri,0
0,0,0,0,0,0,0,0,0,0,0,0,0,0,0,0,0,0,0,0,0,0,0,0,0,0,0,0,0,0,0,0,0,0,0,0,0,0,0,0,0,0,0,159.0,,,,Office Romance,0
0,0,0,0,0,0,0,0,0,0,0,0,0,0,0,0,0,0,0,0,0,0,0,0,0,0,0,0,0,0,0,0,0,0,0,0,0,0,0,0,0,0,0,116.0,,,,"One Sings, the Other Doesn't",0
0,3,2,0,1,0,0,0,0,0,0,0,4,9,4,1,5,0,0,1,0,0,1,0,0,0,0,0,0,0,0,0,0,0,0,0,0,0,0,0,0,0,0,110.0,,,,Providence,0
0,0,0,0,0,0,0,0,0,0,0,0,1,0,0,1,0,0,0,0,0,0,0,0,0,0,0,0,0,0,0,0,0,0,0,0,0,0,0,0,0,0,1,98.0,,51061196.0,,"Oh, God!",1
0,0,0,0,0,0,0,0,0,0,0,0,0,0,1,0,0,0,0,0,0,0,0,0,0,0,0,0,0,0,0,0,0,0,0,0,0,0,0,0,0,0,0,45.0,6600000.0,,,Roots,0
0,0,0,0,0,0,0,0,0,0,0,0,3,1,6,2,0,2,0,0,0,0,0,0,0,0,0,0,0,0,0,0,0,0,0,0,5,0,0,2,0,0,1,106.0,5000000.0,,,Viva Knievel!,0
0,0,0,0,0,0,0,0,0,0,0,0,0,0,3,0,0,1,1,0,0,0,0,0,0,0,0,0,0,0,0,0,0,0,0,0,0,0,0,0,0,0,1,92.0,,,,Thieves,0
3,1,1,1,0,0,3,1,1,1,0,0,6,2,12,2,1,2,3,1,1,1,0,0,1,0,0,0,0,0,0,0,0,0,0,0,0,0,0,0,0,0,0,94.0,4015000.0,31100000.0,27085000.0,High Anxiety,0
3,2,3,0,0,2,3,2,3,0,0,2,0,0,0,0,0,0,3,2,3,0,0,2,0,3,1,0,1,0,0,0,0,0,0,0,0,0,0,0,0,0,0,127.0,,,,Iphigenia,1
0,0,0,0,0,0,0,0,0,0,0,0,0,0,1,0,0,0,0,0,0,0,0,0,0,0,0,0,0,0,0,0,0,0,0,0,0,0,0,0,0,0,0,105.0,,,,Charleston,0
0,0,0,0,0,0,0,0,0,0,0,0,1,0,0,0,0,0,0,0,0,0,0,0,0,0,0,0,0,0,0,0,0,0,0,0,0,0,0,0,0,0,0,127.0,,,,The American Friend (Der amerikanische Freund),0
0,0,0,0,0,0,0,0,0,0,0,0,1,1,1,0,0,0,0,0,0,0,0,0,0,0,0,0,0,0,0,0,0,0,0,0,0,0,0,0,0,0,0,93.0,4000000.0,38300000.0,34300000.0,Annie Hall,1
0,0,0,0,0,0,0,0,0,0,0,0,19,3,13,4,1,3,0,0,0,0,0,0,0,0,0,0,0,0,0,0,0,0,0,0,0,0,0,0,0,0,1,102.0,750000.0,3000000.0,2250000.0,Tentacles,0
0,0,0,0,0,0,0,0,0,0,0,0,0,0,0,0,0,0,0,0,0,0,0,0,0,0,0,0,0,0,0,0,0,0,0,0,0,0,0,0,0,0,0,80.0,2000000.0,9000000.0,7000000.0,Wizards,0
0,0,0,0,0,0,0,0,0,0,0,0,0,0,0,0,0,0,0,0,0,0,0,0,0,0,0,0,0,0,0,0,0,0,0,0,0,0,0,0,0,0,1,96.0,,,,Scott Joplin,0
0,0,0,0,0,0,0,0,0,0,0,0,0,0,0,0,0,0,0,0,0,0,0,0,0,0,0,0,0,0,0,0,0,0,0,0,0,0,0,0,0,0,0,120.0,,,,Ceddo,0
0,0,2,0,0,0,0,0,0,0,0,0,1,1,2,0,0,0,6,1,3,0,0,1,11,1,4,2,1,1,1,0,0,0,0,0,0,0,0,0,0,0,1,143.0,8000000.0,15800000.0,7800000.0,Black Sunday,0
0,0,0,0,0,0,0,0,0,0,0,0,2,7,2,1,3,0,0,0,0,0,0,0,0,0,0,0,0,0,0,0,0,0,0,0,0,0,0,0,0,0,0,105.0,,,,Madame Rosa,1
0,0,0,0,0,0,0,0,0,0,0,0,4,2,8,2,0,2,0,0,0,0,0,0,0,0,0,0,0,0,0,0,0,0,0,0,0,0,0,0,0,0,0,118.0,,,,An Average Little Man (Un borghese piccolo piccolo),0
0,0,0,0,0,0,0,0,0,0,0,0,0,0,0,0,0,0,0,0,0,0,0,0,0,0,0,0,0,0,0,0,0,0,0,0,0,0,0,0,0,0,0,90.0,,,,The King of the Street Cleaners,0
0,0,0,0,0,0,0,0,0,0,0,0,0,0,0,0,0,0,0,0,0,0,0,0,0,0,0,0,0,0,0,0,0,0,0,0,0,0,0,0,0,0,0,120.0,,,,Chinatown Kid,0
0,0,0,0,0,0,0,0,0,0,0,0,0,0,0,0,0,0,0,0,0,0,0,0,0,0,0,0,0,0,0,0,0,0,0,0,0,0,0,0,0,0,0,114.0,,,,Padre Padrone,0
0,0,0,0,0,0,0,0,0,0,0,0,8,5,15,2,1,5,0,0,0,0,0,0,1,0,0,0,0,0,0,1,0,0,0,0,1,0,0,0,0,0,1,85.0,4000000.0,,,The Last Remake of Beau Geste,0
0,0,0,0,0,0,0,0,0,0,0,0,0,0,0,0,0,0,0,0,0,0,0,0,0,0,0,0,0,0,0,0,0,0,0,0,0,0,0,0,0,0,0,83.0,,,,Rock'n'Roll Wolf,0
3,2,4,0,0,0,0,0,0,0,0,0,5,2,9,0,0,1,3,2,4,0,0,0,0,0,0,0,0,0,0,0,0,0,0,0,0,0,0,0,0,0,0,144.0,,,,Opening Night,0
0,0,0,0,0,0,0,0,0,0,0,0,0,0,0,0,0,0,0,0,0,0,0,0,1,0,0,0,0,0,0,0,0,0,0,0,0,0,0,0,0,0,1,112.0,3200000.0,33500000.0,30300000.0,Heroes,0
0,0,0,0,0,0,0,0,0,0,0,0,0,0,0,0,0,0,0,0,0,0,0,0,0,0,0,0,0,0,0,0,0,0,0,0,0,0,0,0,0,0,0,100.0,,,,J.A. Martin Photographer,0
0,0,0,0,0,0,0,0,0,0,0,0,0,0,0,0,0,0,0,0,0,0,0,0,0,0,0,0,0,0,0,0,0,0,0,0,0,0,0,0,0,0,0,,,,,Plae Kao (The Scar),0
0,0,0,0,0,0,0,0,0,0,0,0,0,1,0,0,0,0,0,0,1,0,0,0,0,0,0,0,0,0,0,0,0,0,0,0,0,0,0,0,0,0,0,96.0,3000000.0,3200000.0,200000.0,I Never Promised You a Rose Garden,1
0,0,0,0,0,0,0,0,0,0,0,0,3,5,5,1,2,1,0,0,0,0,0,0,4,0,5,2,0,1,1,2,0,1,1,0,0,0,0,0,0,0,1,104.0,8000000.0,3243088.0,-4756912.0,March or Die,0
0,0,0,0,0,0,1,0,0,0,0,0,1,1,2,0,0,1,2,0,2,0,0,0,0,0,0,0,0,0,0,0,0,0,0,0,0,0,0,0,0,0,1,110.0,,102000000.0,,The Goodbye Girl,1
0,0,0,0,0,0,0,0,0,0,0,0,0,0,0,0,0,0,0,0,0,0,0,0,0,0,0,0,0,0,0,0,0,0,0,0,0,0,0,0,0,0,1,99.0,,,,The Bad News Bears in Breaking Training,0
2,1,2,1,0,2,2,1,2,1,0,2,1,0,0,0,0,0,0,1,0,0,1,0,0,0,0,0,0,0,0,0,0,0,0,0,0,0,0,0,0,0,1,121.0,21000000.0,5900000.0,-15100000.0,Sorcerer,1
0,0,0,0,0,0,0,0,0,0,0,0,0,0,0,0,0,0,0,0,0,0,0,0,0,0,0,0,0,0,0,0,0,0,0,0,4,0,0,1,0,0,0,95.0,5000000.0,,,Rolling Thunder,0
0,0,0,0,0,0,0,0,0,0,0,0,0,0,0,0,0,0,0,0,0,0,0,0,0,0,0,0,0,0,0,0,0,0,0,0,0,0,0,0,0,0,0,107.0,,,,The Wishing Tree,0
0,0,0,0,0,0,0,0,0,0,0,0,0,0,0,0,0,0,0,0,0,0,0,0,0,0,0,0,0,0,0,0,0,0,0,0,0,0,0,0,0,0,0,110.0,,,,Black Joy,0
0,0,0,0,0,0,0,0,0,0,0,0,1,2,3,0,2,2,0,0,0,0,0,0,0,0,0,0,0,0,0,1,0,0,0,0,0,0,0,0,0,0,0,106.0,,,,Wifemistress,0
0,0,0,0,0,0,0,0,0,0,0,0,0,0,0,0,0,0,0,0,0,0,0,0,0,0,0,0,0,0,0,0,0,0,0,0,0,0,0,0,0,0,1,105.0,,,,Jabberwocky,0
0,0,0,0,0,0,0,0,0,0,0,0,0,0,0,0,0,0,0,0,0,0,0,0,0,0,0,0,0,0,0,0,0,0,0,0,0,0,0,0,0,0,0,71.0,,,,Dot and the Kangaroo,0
0,0,0,0,0,0,0,0,0,0,0,0,0,0,0,0,0,0,0,0,0,0,0,0,0,0,0,0,0,0,0,0,0,0,0,0,0,0,0,0,0,0,0,89.0,,7000000.0,,Eraserhead,0
0,0,0,0,0,0,0,0,0,0,0,0,0,1,0,0,0,0,0,0,0,0,0,0,0,0,0,0,0,0,0,0,0,0,0,0,0,0,0,0,0,0,0,95.0,,,,That's Carry On!,0
0,0,0,0,0,0,0,0,0,0,0,0,0,0,0,0,0,0,0,0,0,0,0,0,0,0,0,0,0,0,0,0,0,0,0,0,0,0,0,0,0,0,1,105.0,,,,Fraternity Row,0
0,0,0,0,0,0,0,0,0,0,0,0,0,0,0,0,0,0,0,0,0,0,0,0,0,0,0,0,0,0,0,0,0,0,0,0,0,0,0,0,0,0,0,100.0,,,,Short Eyes,0
0,0,0,0,0,0,0,0,0,0,0,0,1,2,3,0,2,2,0,0,0,0,0,0,0,0,4,0,0,1,0,0,0,0,0,0,0,0,0,0,0,0,0,120.0,,,,Double Murder,0
0,0,0,0,0,0,0,0,0,0,0,0,0,0,0,0,0,0,0,0,0,0,0,0,0,0,0,0,0,0,0,0,0,0,0,0,0,0,0,0,0,0,0,175.0,,,,Amar Akbar Anthony,0
0,0,0,0,0,0,0,0,0,0,0,0,0,0,0,0,0,0,0,0,0,0,0,0,0,0,0,0,0,0,0,0,0,0,0,0,0,0,0,0,0,0,0,103.0,,,,"Mama, I'm Alive",0
0,0,0,0,0,0,0,0,0,0,0,0,16,2,13,2,0,3,0,0,0,0,0,0,0,0,0,0,0,0,0,0,0,0,0,0,0,0,0,0,0,0,0,78.0,,,,The Hobbit,0
0,0,0,0,0,0,0,0,0,0,0,0,0,0,0,0,0,0,0,0,0,0,0,0,0,0,0,0,0,0,0,0,0,0,0,0,0,0,0,0,0,0,0,85.0,,,,Prey,0
3,1,3,0,0,0,3,1,3,0,0,0,0,1,0,0,0,0,3,1,3,0,0,0,0,0,0,0,0,0,0,0,0,0,0,0,0,0,0,0,0,0,0,124.0,1700000.0,,,3 Women,0
0,0,0,0,0,0,0,0,0,0,0,0,0,0,1,0,0,0,0,0,0,0,0,0,4,2,5,3,1,0,0,0,0,0,0,0,0,1,0,0,0,0,1,91.0,3000000.0,9400000.0,6400000.0,First Love,0
8,1,2,1,0,0,0,0,0,0,0,0,0,0,2,0,0,1,8,1,2,1,0,0,0,0,0,0,0,0,0,0,0,0,0,0,0,0,0,0,0,0,1,136.0,2500000.0,22500000.0,20000000.0,Looking for Mr. Goodbar,1
0,0,0,0,0,0,1,0,0,0,0,0,0,0,0,0,0,0,0,0,0,0,0,0,0,0,0,0,0,0,0,0,0,0,0,0,0,0,0,0,0,0,0,91.0,,,,Rabid,0
0,0,0,0,0,0,0,0,0,0,0,0,0,0,0,0,0,0,0,0,0,0,0,0,0,0,0,0,0,0,0,0,0,0,0,0,0,0,0,0,0,0,0,98.0,,,,The Picture Show Man,0
10,3,10,1,2,1,10,3,10,1,2,1,8,3,7,2,1,3,0,0,0,0,0,0,0,0,0,0,0,0,7,0,0,1,0,0,0,0,0,0,0,0,0,97.0,6000000.0,,,The Domino Principle,0
0,0,0,0,0,0,0,0,0,0,0,0,0,0,0,0,0,0,0,0,0,0,0,0,0,0,0,0,0,0,0,0,0,0,0,0,0,0,0,0,0,0,0,113.0,,,,Speedtrap,0
0,0,0,0,0,0,0,0,0,0,0,0,0,0,0,0,0,0,0,0,0,0,0,0,0,0,0,0,0,0,0,0,0,0,0,0,0,0,0,0,0,0,0,112.0,,,,The Report,0
4,0,1,0,0,0,3,1,3,0,0,0,2,1,4,1,0,1,4,0,1,0,0,0,0,0,0,0,0,0,0,0,0,0,0,0,0,0,0,0,0,0,1,93.0,,,,The Late Show,1
0,0,0,0,0,0,0,0,0,0,0,0,0,0,0,0,0,0,0,0,0,0,0,0,0,0,0,0,0,0,0,0,0,0,0,0,0,0,0,0,0,0,0,107.0,,,,Rembrandt fecit 1669,0
0,0,0,0,0,0,0,0,0,0,0,0,0,0,0,0,0,0,0,0,0,0,0,0,0,0,0,0,0,0,0,0,0,0,0,0,0,0,0,0,0,0,0,111.0,,,,The Ascent,0
0,0,0,0,0,0,0,0,0,0,0,0,0,0,0,0,0,0,0,0,0,0,0,0,0,0,0,0,0,0,0,0,0,0,0,0,0,0,0,0,0,0,0,93.0,,,,The Iron-Fisted Monk,0
1,0,0,0,0,0,0,0,0,0,0,0,4,5,6,0,0,0,0,0,0,0,0,0,2,0,0,0,0,0,0,0,0,0,0,0,0,0,0,0,0,0,1,135.0,6000000.0,,,The Eagle Has Landed,0
0,0,0,0,0,0,0,0,0,0,0,0,5,2,5,1,1,2,0,0,0,0,0,0,8,2,3,0,0,0,0,0,0,0,0,0,4,0,0,0,0,0,0,146.0,6200000.0,4500000.0,-1700000.0,Twilight's Last Gleaming,0
0,0,0,0,0,0,0,0,0,0,0,0,7,2,6,2,0,4,0,0,0,0,0,0,8,2,3,0,0,0,0,0,0,0,0,0,0,0,0,0,0,0,1,130.0,9000000.0,16320000.0,7320000.0,MacArthur,0
0,0,0,0,0,0,0,0,0,0,0,0,1,0,6,0,0,0,0,0,0,0,0,0,0,0,0,0,0,0,0,0,0,0,0,0,0,0,0,0,0,0,1,96.0,4300000.0,300000000.0,295700000.0,Smokey and the Bandit,1
0,0,0,0,0,0,0,0,0,0,0,0,0,0,0,0,0,0,0,0,0,0,0,0,0,0,0,0,0,0,0,0,0,0,0,0,0,0,0,0,0,0,0,89.0,350000.0,25000000.0,24650000.0,The Hills Have Eyes,0
0,0,0,0,0,0,0,0,0,0,0,0,0,0,0,0,0,0,0,0,0,0,0,0,0,0,0,0,0,0,0,0,0,0,0,0,0,0,0,0,0,0,0,97.0,,,,Mimino,0
2,0,1,0,0,0,2,0,1,0,0,0,9,3,14,1,1,4,0,0,0,0,0,0,0,0,0,0,0,0,0,0,0,0,0,0,1,2,0,0,1,0,1,102.0,14000000.0,30700000.0,16700000.0,Exorcist II: The Heretic,0
0,0,0,0,0,0,0,0,0,0,0,0,1,0,4,0,0,2,0,0,0,0,0,0,1,0,0,1,0,0,0,0,0,0,0,0,0,0,0,0,0,0,1,98.0,,,,The Car,0
0,0,0,0,0,0,0,0,0,0,0,0,1,1,1,1,1,1,0,0,0,0,0,0,0,0,0,0,0,0,0,0,0,0,0,0,0,0,0,0,0,0,0,,,,,Grayeagle,0
0,0,0,0,0,0,0,0,0,0,0,0,0,0,0,0,0,0,0,0,0,0,0,0,0,0,0,0,0,0,0,0,0,0,0,0,0,0,0,0,0,0,0,57.0,,,,The Humpbacked Horse,0
0,0,0,0,0,0,0,0,0,0,0,0,1,2,3,0,0,1,1,0,0,0,0,0,0,0,0,0,0,0,0,0,0,0,0,0,0,0,0,0,0,0,0,109.0,,,,Golden Rendezvous,0
0,1,0,0,0,0,0,0,0,0,0,0,1,2,3,0,1,0,0,0,1,0,0,0,4,2,5,3,1,0,0,3,0,0,1,0,0,0,0,0,0,0,1,124.0,9000000.0,47300000.0,38300000.0,The Deep,1
0,0,0,0,0,0,0,0,0,0,0,0,0,0,0,0,0,0,0,0,0,0,0,0,0,0,0,0,0,0,0,0,0,0,0,0,0,0,0,0,0,0,0,94.0,,,,Cinderella,0
0,1,0,0,0,0,0,0,0,0,0,0,0,1,1,0,0,0,0,0,0,0,0,0,0,0,0,0,0,0,1,2,0,1,1,0,0,0,0,0,0,0,0,100.0,1900000.0,,,The Disappearance,0
2,7,2,0,0,0,0,0,0,0,0,0,6,10,6,1,5,0,3,1,1,2,1,1,0,0,0,0,0,0,2,0,0,0,0,0,0,0,0,0,0,0,0,121.0,3800000.0,23700000.0,19900000.0,Network,0
0,0,0,0,0,0,0,0,0,0,0,0,2,1,3,0,0,2,0,0,0,0,0,0,0,0,0,0,0,0,0,0,0,0,0,0,0,0,0,0,0,0,0,105.0,1250000000000.0,,,Andy Warhol's Bad,0
0,0,0,0,0,0,0,0,0,0,0,0,0,0,0,0,0,0,0,0,0,0,0,0,0,0,0,0,0,0,0,0,0,0,0,0,0,0,0,0,0,0,0,125.0,,,,Мъжки времена Mazhki vremena ( Manly Times ),0
1,0,1,0,0,0,1,0,1,0,0,0,4,3,4,0,1,1,1,0,0,0,0,0,0,0,0,0,0,0,0,0,0,0,0,0,3,0,0,1,0,0,1,124.0,,9300000.0,,Bobby Deerfield,0
0,0,0,0,0,0,0,0,0,0,0,0,1,0,2,0,0,1,0,0,0,0,0,0,0,0,0,0,0,0,0,0,0,0,0,0,0,0,0,0,0,0,0,74.0,,,,Halloween with the New Addams Family,0
2,0,1,0,0,0,2,0,1,0,0,0,3,0,1,0,0,0,2,0,1,0,0,0,1,0,0,0,0,0,0,0,0,0,0,0,0,0,0,0,0,0,0,89.0,4800000.0,21000000.0,16200000.0,The World's Greatest Lover,0
0,1,1,0,0,0,0,0,0,0,0,0,3,2,6,2,1,3,0,0,0,0,0,0,4,0,5,2,0,1,4,0,2,1,0,2,0,0,0,0,0,0,1,113.0,7000000.0,,,The Prince and the Pauper,0
2,6,7,1,1,2,0,0,0,0,0,0,3,6,16,1,1,3,0,0,0,0,0,0,0,0,0,0,0,0,0,0,0,0,0,0,0,0,0,0,0,0,1,135.0,,,,A Piece of the Action,0
1,0,2,0,0,1,1,0,0,1,0,0,1,2,3,0,0,3,0,0,0,0,0,0,4,2,5,3,1,0,0,0,0,0,0,0,0,0,0,0,0,0,0,97.0,6000000.0,,,The White Buffalo,0
0,0,0,0,0,0,0,0,0,0,0,0,1,0,1,0,0,0,0,0,0,0,0,0,0,0,0,0,0,0,0,0,0,0,0,0,1,0,0,0,0,0,1,100.0,1900000.0,,,Outlaw Blues,0
0,0,0,0,0,0,0,0,0,0,0,0,3,3,4,1,1,1,0,0,0,0,0,0,2,0,2,0,0,0,0,1,0,0,0,0,0,0,0,0,0,0,0,99.0,6000000.0,,,The Island of Dr. Moreau,0
0,0,0,0,0,0,0,0,0,0,0,0,0,0,0,0,0,0,0,0,0,0,0,0,0,0,0,0,0,0,0,0,0,0,0,0,0,0,0,0,0,0,0,168.0,,,,The Hunters,0
0,0,0,0,0,0,0,0,0,0,0,0,0,0,0,0,0,0,0,0,0,0,0,0,0,0,0,0,0,0,0,0,0,0,0,0,0,0,0,0,0,0,0,93.0,,,,Wounded Game,0
0,0,0,0,0,0,0,0,0,0,0,0,0,0,0,0,0,0,0,0,0,0,0,0,0,0,0,0,0,0,0,0,0,0,0,0,0,0,0,0,0,0,0,95.0,250000.0,,,Martin,0
2,1,0,1,1,0,0,0,0,0,0,0,5,4,11,0,1,5,0,0,0,0,0,0,11,0,5,1,0,2,0,0,0,0,0,0,1,1,0,0,1,0,1,122.0,,28000000.0,,Slap Shot,0
0,0,0,0,0,0,0,0,0,0,0,0,0,0,1,0,0,1,0,0,0,0,0,0,0,0,0,0,0,0,0,0,0,0,0,0,0,0,0,0,0,0,0,106.0,,,,The Last Wave,0
0,0,0,0,0,0,0,0,0,0,0,0,0,0,0,0,0,0,0,0,0,0,0,0,0,0,0,0,0,0,0,0,0,0,0,0,0,0,0,0,0,0,0,100.0,,,,Pafnucio Santo,0
0,0,0,0,0,0,0,0,0,0,0,0,3,5,10,1,0,5,0,0,0,0,0,0,5,0,4,1,0,1,0,0,0,0,0,0,1,0,0,0,0,0,1,99.0,4500000.0,13600000.0,9100000.0,Fun with Dick and Jane,0
0,4,4,0,1,4,0,0,1,0,0,0,22,24,28,4,8,10,1,1,1,1,1,0,2,1,0,1,0,0,3,5,0,1,3,0,0,3,0,0,0,0,0,176.0,25000000.0,50700000.0,25700000.0,A Bridge Too Far,0
0,0,0,0,0,0,0,0,0,0,0,0,0,0,0,0,0,0,0,0,0,0,0,0,0,0,0,0,0,0,0,0,0,0,0,0,0,0,0,0,0,0,0,84.0,602000.0,15000000.0,14398000.0,Grand Theft Auto,0
0,0,0,0,0,0,0,0,0,0,0,0,0,0,0,0,0,0,0,0,0,0,0,0,0,0,0,0,0,0,0,0,0,0,0,0,0,0,0,0,0,0,0,86.0,,,,Což takhle dát si špenát,0
0,0,0,0,0,0,0,0,0,0,0,0,20,7,26,7,2,6,0,0,0,0,0,0,0,0,0,0,0,0,1,0,0,0,0,0,0,0,0,0,0,0,1,113.0,6000000.0,30000000.0,24000000.0,Airport '77,1
0,0,0,0,0,0,0,0,0,0,0,0,1,0,1,0,0,1,0,0,0,0,0,0,0,0,0,0,0,0,0,0,0,0,0,0,0,0,0,0,0,0,1,98.0,5000000.0,815000.0,-4185000.0,Handle with Care,0
0,0,0,0,0,0,0,0,0,0,0,0,1,1,1,0,0,0,0,0,0,0,0,0,0,0,0,0,0,0,0,0,0,0,0,0,0,0,0,0,0,0,0,89.0,,,,Sweeney!,0
0,0,0,0,0,0,0,0,0,0,0,0,0,0,1,0,0,1,0,0,0,0,0,0,0,0,0,0,0,0,1,2,0,1,2,0,0,0,0,0,0,0,1,113.0,3500000.0,20000000.0,16500000.0,Sinbad and the Eye of the Tiger,0
0,0,0,0,0,0,0,0,0,0,0,0,0,0,0,0,0,0,0,0,0,0,0,0,0,0,0,0,0,0,0,0,0,0,0,0,0,0,0,0,0,0,0,90.0,,,,Tomorrow I'll Wake Up and Scald Myself with Tea,0
0,0,0,0,0,0,0,0,0,0,0,0,3,0,2,1,0,0,0,0,0,0,0,0,0,0,0,0,0,0,0,0,0,0,0,0,0,0,0,0,0,0,0,104.0,,,,Roseland,0
0,0,0,0,0,0,0,0,0,0,0,0,3,3,8,1,3,5,0,0,0,0,0,0,0,0,0,0,0,0,1,0,0,1,0,0,0,0,0,0,0,0,0,106.0,,,,A Special Day,1
0,2,0,0,1,0,0,0,0,0,0,0,0,0,0,0,0,0,0,2,0,0,1,0,0,0,0,0,0,0,0,0,0,0,0,0,0,0,0,0,0,0,0,120.0,,7200000.0,,The Man Who Loved Women,0
0,0,0,0,0,0,0,0,0,0,0,0,0,0,0,0,0,0,0,0,0,0,0,0,0,0,0,0,0,0,0,0,0,0,0,0,0,0,0,0,0,0,1,95.0,,,,The Pack,0
0,0,0,0,0,0,0,0,0,0,0,0,0,0,0,0,0,0,0,0,0,0,0,0,0,0,0,0,0,0,0,0,0,0,0,0,0,0,0,0,0,0,0,,,,,Executioners from Shaolin,0
0,0,0,0,0,0,0,0,0,0,0,0,0,0,0,0,0,0,0,0,0,0,0,0,0,0,0,0,0,0,0,0,0,0,0,0,0,0,0,0,0,0,0,132.0,600000.0,,,The Grateful Dead Movie,0
0,0,0,0,0,0,0,0,0,0,0,0,9,3,10,4,0,3,0,0,0,0,0,0,4,0,0,2,0,0,0,0,0,0,0,0,0,0,0,0,0,0,0,128.0,10000000.0,36000000.0,26000000.0,Pete's Dragon,1
0,0,0,0,0,0,0,0,0,0,0,0,8,0,0,2,0,0,0,0,0,0,0,0,0,0,0,0,0,0,0,0,0,0,0,0,1,2,0,0,1,0,0,103.0,,,,Jubilee,0
0,0,0,0,0,0,0,0,0,0,0,0,1,1,5,0,0,3,1,0,4,1,0,2,2,0,0,0,0,0,0,0,0,0,0,0,0,0,0,0,0,0,0,102.0,,,,Telefon,0
0,1,0,0,0,0,0,0,0,0,0,0,3,3,3,2,1,1,0,0,0,0,0,0,0,0,0,0,0,0,0,0,0,0,0,0,0,0,0,0,0,0,0,163.0,14000000.0,16400000.0,2400000.0,"New York, New York",0
0,0,0,0,0,0,0,0,0,0,0,0,0,1,4,0,0,1,0,0,0,0,0,0,0,0,0,0,0,0,0,0,0,0,0,0,0,0,0,0,0,0,0,98.0,,,,Full Circle,0
0,0,1,0,0,1,0,0,0,0,0,0,0,0,0,0,0,0,1,0,0,0,0,0,9,3,11,2,1,1,0,0,0,0,0,0,5,0,0,2,0,0,0,165.0,9000000.0,24700000.0,15700000.0,The Other Side of Midnight,1
0,0,0,0,0,0,0,0,0,0,0,0,2,5,2,1,1,0,0,0,0,0,0,0,2,0,0,0,0,0,2,1,0,0,0,0,0,0,0,0,0,0,0,94.0,,2000000.0,,Demon Seed,0
1,0,0,0,0,0,0,0,0,0,0,0,1,0,2,0,0,0,1,0,0,0,0,0,1,0,0,1,0,0,0,0,0,0,0,0,0,0,0,0,0,0,1,101.0,,,,"September 30, 1955",0
0,0,0,0,0,0,0,0,0,0,0,0,0,0,1,0,0,0,0,0,0,0,0,0,0,0,0,0,0,0,0,0,0,0,0,0,0,0,0,0,0,0,0,89.0,1000000.0,17000000.0,16000000.0,Kingdom of the Spiders,0
0,0,0,0,0,0,0,0,0,0,0,0,6,2,8,3,1,2,0,0,0,0,0,0,0,0,0,0,0,0,0,0,0,0,0,0,0,0,0,0,0,0,0,83.0,1600000.0,,,The Mouse and His Child,0
0,0,0,0,0,0,0,0,0,0,0,0,1,1,4,0,0,0,0,0,0,0,0,0,0,0,1,0,0,0,0,0,0,0,0,0,0,0,0,0,0,0,1,89.0,1000000.0,,,Starship Invasions,0
0,0,0,0,0,0,0,0,0,0,0,0,0,0,0,0,0,0,0,0,0,0,0,0,0,0,0,0,0,0,1,0,0,0,0,0,1,0,0,0,0,0,1,94.0,,,,Which Way Is Up?,0
0,0,0,0,0,0,0,0,0,0,0,0,0,0,0,0,0,0,0,0,0,0,0,0,0,0,0,0,0,0,0,0,0,0,0,0,0,0,0,0,0,0,0,104.0,,,,Invisible Adversaries,0
0,0,0,0,0,0,0,0,0,0,0,0,14,7,8,2,1,2,0,0,0,0,0,0,0,0,0,0,0,0,0,0,0,0,0,0,0,1,0,0,0,0,1,92.0,,4000000.0,,The Sentinel,0
0,0,0,0,0,0,0,0,0,0,0,0,0,0,0,0,0,0,2,0,0,0,0,0,0,1,0,0,0,0,0,0,0,0,0,0,0,0,0,0,0,0,1,119.0,3500000.0,237100000.0,233600000.0,Saturday Night Fever,1
0,0,0,0,0,0,0,0,0,0,0,0,0,0,0,0,0,0,0,0,0,0,0,0,0,0,0,0,0,0,0,0,0,0,0,0,0,0,0,0,0,0,0,163.0,,,,"Dharam Veer धरम
 वीर",0
0,0,0,0,0,0,0,0,0,0,0,0,0,1,4,0,0,0,0,0,0,0,0,0,0,0,0,0,0,0,0,0,0,0,0,0,0,0,0,0,0,0,0,83.0,,7100000.0,,The Kentucky Fried Movie,0
0,0,0,0,0,0,0,0,0,0,0,0,0,0,0,0,0,0,0,0,0,0,0,0,0,0,0,0,0,0,0,0,0,0,0,0,0,0,0,0,0,0,1,90.0,,9000000.0,,Spider-Man,0
0,0,0,0,0,0,0,0,0,0,0,0,0,0,0,0,0,0,0,0,0,0,0,0,0,0,0,0,0,0,0,0,0,0,0,0,0,0,0,0,0,0,0,132.0,,,,Tenda dos Milagres,0
0,0,0,0,0,0,0,0,0,0,0,0,0,0,0,0,0,0,0,0,0,0,0,0,0,0,0,0,0,0,0,0,0,0,0,0,0,0,0,0,0,0,0,100.0,,,,Die Konsequenz,0
0,0,0,0,0,0,0,0,0,0,0,0,1,1,2,0,0,1,0,0,0,0,0,0,9,3,11,2,1,1,0,0,0,0,0,0,0,0,0,0,0,0,0,80.0,,,,Gulliver's Travels,0
1,0,0,1,0,0,1,0,0,1,0,0,0,0,0,0,0,0,1,0,0,1,0,0,0,0,0,0,0,0,1,0,0,1,0,0,0,0,0,0,0,0,0,90.0,65000.0,,,Desperate Living,0
1,0,1,1,0,0,0,0,0,0,0,0,4,0,6,1,0,1,0,0,0,0,0,0,8,2,3,0,0,0,0,0,0,0,0,0,2,0,0,0,0,0,1,105.0,,,,Islands in the Stream,1
0,0,0,0,0,0,0,0,0,0,0,0,0,0,0,0,0,0,0,0,0,0,0,0,0,0,0,0,0,0,0,0,0,0,0,0,0,0,0,0,0,0,0,442.0,,,,Hitler: A Film from Germany,0
0,0,0,0,0,0,0,0,0,0,0,0,0,0,0,0,0,0,0,0,0,0,0,0,0,0,0,0,0,0,0,0,0,0,0,0,0,0,0,0,0,0,0,85.0,4000000.0,1350000.0,-2650000.0,Raggedy Ann & Andy: A Musical Adventure,0
0,0,0,0,0,0,0,0,0,0,0,0,0,0,0,0,0,0,0,0,0,0,0,0,0,0,0,0,0,0,0,0,0,0,0,0,0,0,0,0,0,0,0,93.0,,,,A Tale of Sorrow and Sadness,0
0,0,0,0,0,0,0,0,0,0,0,0,0,0,0,0,0,0,0,0,0,0,0,0,0,0,0,0,0,0,0,0,0,0,0,0,0,0,0,0,0,0,0,30.0,,,,La Soufrière,0
0,0,0,0,0,0,0,0,0,0,0,0,0,0,1,0,0,0,0,0,0,0,0,0,0,0,0,0,0,0,0,0,0,0,0,0,0,0,0,0,0,0,0,98.0,,,,Suspiria,0
0,0,0,0,0,0,0,0,0,0,0,0,0,0,0,0,0,0,0,0,0,0,0,0,0,0,0,0,0,0,0,0,0,0,0,0,0,0,0,0,0,0,1,90.0,,8500000.0,,You Light Up My Life,1
0,0,0,0,0,0,0,0,0,0,0,0,0,0,0,0,0,0,0,0,0,0,0,0,0,0,0,0,0,0,0,0,0,0,0,0,0,0,0,0,0,0,0,91.0,,,,The Dog Who Loved Trains,0
0,0,0,0,0,0,0,0,0,0,0,0,0,0,1,0,0,0,0,0,1,0,0,0,0,0,2,0,0,0,0,0,0,0,0,0,0,0,0,0,0,0,1,98.0,,,,One on One,0
0,0,0,0,0,0,0,0,0,0,0,0,0,0,0,0,0,0,0,0,0,0,0,0,0,0,0,0,0,0,0,0,0,0,0,0,0,0,0,0,0,0,0,116.0,,,,Stroszek,0
0,0,0,0,0,0,0,0,0,0,0,0,2,5,3,0,1,2,0,0,0,0,0,0,0,0,0,0,0,0,0,0,0,0,0,0,0,0,0,0,0,0,1,100.0,900000.0,,,The Duellists,0
0,0,0,0,0,0,0,2,0,0,0,0,8,9,13,1,4,5,0,2,0,0,0,0,0,0,0,0,0,0,11,0,0,2,0,0,1,0,0,0,0,0,0,119.0,,33600000.0,,The Turning Point,1
0,0,0,0,0,0,0,0,0,0,0,0,0,0,0,0,0,0,0,0,0,0,0,0,0,0,0,0,0,0,1,0,0,1,0,0,0,0,0,0,0,0,0,95.0,,,,"The Devil, Probably",0
0,0,0,0,0,0,0,0,0,0,0,0,0,0,0,0,0,0,0,0,0,0,0,0,0,0,0,0,0,0,0,0,0,0,0,0,0,0,0,0,0,0,1,97.0,,,,ABBA: The Movie,0
0,0,0,0,0,0,0,0,0,0,0,0,0,0,0,0,0,0,0,0,0,0,0,0,0,0,0,0,0,0,0,0,0,0,0,0,0,0,0,0,0,0,0,63.0,,,,Tongpan,0
0,0,0,0,0,0,0,0,0,0,0,0,0,0,0,0,0,0,0,0,0,0,0,0,0,0,0,0,0,0,0,0,0,0,0,0,0,0,0,0,0,0,0,91.0,,,,The War in Space,0
2,0,1,0,0,0,0,0,0,0,0,0,3,4,1,1,1,1,2,0,1,0,0,0,11,1,4,2,1,1,0,2,0,0,0,0,0,0,0,0,0,0,0,121.0,11000000.0,775500000.0,764500000.0,Star Wars,1
0,0,0,0,0,0,0,0,0,0,0,0,1,0,1,0,0,1,0,0,0,0,0,0,0,0,0,0,0,0,0,0,0,0,0,0,0,0,0,0,0,0,1,98.0,5000000.0,815000.0,-4185000.0,Handle with Care,0
0,0,0,0,0,0,0,0,0,0,0,0,0,0,0,0,0,0,0,0,0,0,0,0,0,0,0,0,0,0,0,0,0,0,0,0,0,0,0,0,0,0,0,,,,,Il prefetto di ferro,0
0,0,0,0,0,0,0,0,0,0,0,0,0,0,0,0,0,0,0,0,0,0,0,0,0,0,0,0,0,0,0,0,0,0,0,0,0,0,0,0,0,0,0,60.0,,,,Backroads,0
0,1,1,0,0,0,0,0,0,0,0,0,0,3,1,0,1,0,0,1,1,0,0,0,11,1,4,2,1,1,0,1,0,0,0,0,0,0,0,0,0,0,1,135.0,20000000.0,306100000.0,286100000.0,Close Encounters of the Third Kind,1
0,0,0,0,0,0,0,0,0,0,0,0,3,1,5,3,0,2,0,0,1,0,0,0,0,0,1,0,0,0,0,0,0,0,0,0,0,0,0,0,0,0,0,101.0,,,,Candleshoe,0
0,0,0,0,0,0,0,0,0,0,0,0,0,0,0,0,0,0,0,0,0,0,0,0,0,0,0,0,0,0,0,0,0,0,0,0,0,0,0,0,0,0,0,40.0,,,,Up  Series,0
8,0,7,5,0,1,0,0,0,0,0,0,1,1,1,0,0,1,0,0,0,0,0,0,0,0,0,0,0,0,0,0,0,0,0,0,0,0,0,0,0,0,0,113.0,,2000000.0,,Audrey Rose,0
0,0,0,0,0,0,0,0,0,0,0,0,0,0,0,0,0,0,0,0,0,0,0,0,0,0,0,0,0,0,0,0,0,0,0,0,0,0,0,0,0,0,0,93.0,,,,Alice or the Last Escapade,0
0,0,0,0,0,0,0,0,0,0,0,0,0,0,0,0,0,0,0,0,0,0,0,0,0,0,0,0,0,0,0,0,0,0,0,0,0,0,0,0,0,0,0,144.0,,,,Death of a President,0
0,2,3,0,0,1,0,0,0,0,0,0,0,0,0,0,0,0,0,0,0,0,0,0,4,0,2,3,0,2,0,0,0,0,0,0,0,0,0,0,0,0,0,125.0,13500000.0,185400000.0,171900000.0,The Spy Who Loved Me,1
0,0,0,0,0,0,0,0,0,0,0,0,0,0,1,0,0,0,0,0,0,0,0,0,0,0,0,0,0,0,0,0,0,0,0,0,0,0,0,0,0,0,0,,,3000000.0,,Thunder and Lightning,0
0,0,0,0,0,0,0,0,0,0,0,0,4,4,5,1,0,3,0,0,0,0,0,0,5,0,4,1,0,1,0,0,0,0,0,0,0,0,0,0,0,0,0,133.0,,,,Cross of Iron,0
0,0,0,0,0,0,0,0,0,0,0,0,1,1,2,0,0,0,0,0,0,0,0,0,0,0,0,0,0,0,2,0,0,1,0,0,0,0,0,0,0,0,1,119.0,6500000.0,,,The Choirboys,0
0,0,0,0,0,0,0,0,0,0,0,0,0,0,0,0,0,0,0,0,0,0,0,0,1,0,4,0,0,0,0,0,0,0,0,0,0,0,0,0,0,0,0,74.0,,,,The Many Adventures of  Winnie the Pooh,0
0,0,0,0,0,0,0,0,0,0,0,0,0,0,0,0,0,0,0,0,0,0,0,0,0,0,0,0,0,0,1,0,0,1,0,0,0,0,0,0,0,0,0,108.0,,,,Nenè,0
0,0,0,0,0,0,0,0,0,0,0,0,0,1,0,0,1,0,0,0,0,0,0,0,0,0,0,0,0,0,0,0,0,0,0,0,0,0,0,0,0,0,0,149.0,,,,Soldier of Orange,0
0,0,0,0,0,0,0,0,0,0,0,0,5,1,11,0,0,3,0,0,0,0,0,0,0,0,0,0,0,0,0,0,0,0,0,0,0,0,0,0,0,0,0,77.0,7500000.0,169000000.0,161500000.0,The Rescuers,1
0,0,0,0,0,0,0,0,0,0,0,0,0,0,2,0,0,1,0,0,0,0,0,0,0,0,0,0,0,0,0,0,0,0,0,0,1,0,0,1,0,0,0,104.0,,29000000.0,,Herbie Goes to Monte Carlo,0
0,3,0,0,1,0,0,0,0,0,0,0,0,0,0,0,0,0,0,3,0,0,1,0,0,0,0,0,0,0,0,0,0,0,0,0,0,0,0,0,0,0,0,102.0,,,,That Obscure Object of Desire,1
0,0,0,0,0,0,0,0,0,0,0,0,0,0,0,0,0,0,0,0,0,0,0,0,0,0,0,0,0,0,0,0,0,0,0,0,0,0,0,0,0,0,0,102.0,,,,Dinner for Adele,0
0,0,0,0,0,0,0,0,0,0,0,0,0,0,0,0,0,0,0,0,0,0,0,0,0,0,0,0,0,0,0,0,0,0,0,0,0,0,0,0,0,0,0,183.0,,,,White Bim Black Ear,0
0,0,0,0,0,0,0,0,0,0,0,0,3,2,5,0,1,0,0,0,0,0,0,0,0,0,0,0,0,0,0,0,0,0,0,0,0,0,0,0,0,0,0,89.0,4590000.0,1300000.0,-3290000.0,Mr. Billion,0
0,1,0,0,0,0,0,0,0,0,0,0,0,0,0,0,0,0,0,0,0,0,0,0,0,0,0,0,0,0,0,0,0,0,0,0,0,0,0,0,0,0,0,165.0,,,,Man of Marble,0
0,0,0,0,0,0,0,0,0,0,0,0,0,0,0,0,0,0,0,0,0,0,0,0,0,0,0,0,0,0,0,0,0,0,0,0,0,0,0,0,0,0,1,75.0,,3200000.0,,"Race for Your Life, Charlie Brown",0
6,1,6,1,0,3,1,0,0,1,0,0,1,0,4,0,0,1,6,1,6,1,0,3,0,0,0,0,0,0,1,1,0,1,0,0,0,0,0,0,0,0,1,120.0,,,,The Serpent's Egg,0
0,0,0,0,0,0,0,0,0,0,0,0,2,1,0,0,0,0,0,0,0,0,0,0,0,0,0,0,0,0,0,0,0,0,0,0,0,0,0,0,0,0,0,85.0,600000.0,16000000.0,15400000.0,Ruby,0
2,3,1,2,1,0,0,0,0,0,0,0,2,1,5,0,0,3,1,0,0,0,0,0,2,1,0,1,0,0,0,6,0,0,0,0,0,0,0,0,0,0,1,104.0,3000000.0,,,Joseph Andrews,0
0,0,0,0,0,0,0,0,0,0,0,0,3,2,4,1,1,2,2,0,0,2,0,0,0,0,0,0,0,0,2,0,0,0,0,0,0,0,0,0,0,0,0,101.0,,,,The Greatest,0
0,0,0,0,0,0,0,0,0,0,0,0,5,3,7,2,1,2,0,0,0,0,0,0,0,0,0,0,0,0,1,2,0,0,0,0,0,0,0,0,0,0,0,124.0,6000000.0,,,A Little Night Music,1
0,0,0,0,0,0,0,0,0,0,0,0,0,0,0,0,0,0,0,0,0,0,0,0,0,0,0,0,0,0,0,0,0,0,0,0,0,0,0,0,0,0,0,107.0,,,,The Lacemaker,0
3,1,4,1,0,2,0,0,0,0,0,0,1,0,5,0,0,1,3,1,4,1,0,2,1,2,4,1,0,1,2,0,0,0,0,0,0,0,0,0,0,0,0,136.0,,,,"Another Man, Another Chance",0
0,0,0,0,0,0,0,0,0,0,0,0,0,0,0,0,0,0,0,0,0,0,0,0,0,0,0,0,0,0,0,0,0,0,0,0,0,0,0,0,0,0,0,85.0,,,,Allegro Non Troppo,0
0,0,0,0,0,0,0,0,0,0,0,0,0,0,0,0,0,0,0,0,0,0,0,0,0,0,0,0,0,0,0,0,0,0,0,0,0,0,0,0,0,0,0,103.0,,,,In the Name of the Pope King,0
0,0,0,0,0,0,0,0,0,0,0,0,0,0,0,0,0,0,0,0,0,0,0,0,0,0,0,0,0,0,0,0,0,0,0,0,0,0,0,0,0,0,0,101.0,,,,The Getting of Wisdom,0
0,0,0,0,0,0,0,0,0,0,0,0,0,0,1,0,0,0,0,0,0,0,0,0,0,0,0,0,0,0,0,0,0,0,0,0,0,0,0,0,0,0,1,96.0,,,,Greased Lightning,0
0,0,0,0,0,0,0,0,0,0,0,0,1,1,4,0,0,0,0,0,1,0,0,0,2,0,0,0,0,0,0,0,0,0,0,0,0,0,0,0,0,0,0,108.0,,37187139.0,,Semi-Tough,0
0,0,0,0,0,0,0,0,0,0,0,0,0,0,0,0,0,0,0,0,0,0,0,0,0,0,0,0,0,0,0,0,0,0,0,0,0,0,0,0,0,0,0,108.0,,,,The Yellow Handkerchief,0
0,0,0,0,0,0,0,0,0,0,0,0,0,0,0,0,0,0,0,0,0,0,0,0,0,0,0,0,0,0,0,0,0,0,0,0,0,0,0,0,0,0,0,114.0,,,,Padre Padrone,0
0,0,0,0,0,0,0,0,0,0,0,0,0,0,0,0,0,0,0,0,0,0,0,0,0,0,0,0,0,0,0,0,0,0,0,0,0,0,0,0,0,0,0,95.0,,55734818.0,,In Search of Noah's Ark,0
